directory,directory_type,county,state,municipality,municipality_type,query_keyword,candidate_query_url,sweep_priority,current_status,extracted_rows_currently_available,known_total_if_available,use_case,publication_rule,notes
YellowPages.com,large commercial directory,Colfax,NM,Raton,incorporated city,Raton NM,https://www.yellowpages.com/raton-nm/business-listings/1,1,yp_bulk_page_extracted_partial_remaining_pages_or_rows,183,271,lead discovery,"Commercial-directory-only rows must remain needs_verification until confirmed by official, business-owned, chamber, tourism, or current public source.",usable here for some city bulk pages; already extracted where accessible
YellowPagesDirectory.com,large commercial directory,Colfax,NM,Raton,incorporated city,Raton NM,https://www.yellowpagesdirectory.com/search?q=Raton+NM,2,queued,,,lead discovery,"Commercial-directory-only rows must remain needs_verification until confirmed by official, business-owned, chamber, tourism, or current public source.",search/manual verification required; web search did not surface stable city URLs here
Manta,large commercial directory,Colfax,NM,Raton,incorporated city,Raton NM,https://www.manta.com/search?search=Raton+NM,2,queued,,,lead discovery,"Commercial-directory-only rows must remain needs_verification until confirmed by official, business-owned, chamber, tourism, or current public source.",search/manual verification required; web search did not surface stable city URLs here
MerchantCircle,small business directory,Colfax,NM,Raton,incorporated city,Raton NM,https://www.merchantcircle.com/search?q=Raton+NM,2,queued,,,lead discovery,"Commercial-directory-only rows must remain needs_verification until confirmed by official, business-owned, chamber, tourism, or current public source.",search/manual verification required; may expose stale local business rows
Cylex,commercial directory,Colfax,NM,Raton,incorporated city,Raton NM,https://www.cylex.us.com/search/?q=Raton+NM,2,queued,,,lead discovery,"Commercial-directory-only rows must remain needs_verification until confirmed by official, business-owned, chamber, tourism, or current public source.",search/manual verification required; useful for older local records
ChamberofCommerce.com,commercial chamber-style directory,Colfax,NM,Raton,incorporated city,Raton NM,https://www.chamberofcommerce.com/search?what=&where=Raton+NM,2,queued,,,lead discovery,"Commercial-directory-only rows must remain needs_verification until confirmed by official, business-owned, chamber, tourism, or current public source.",direct city pages may return paywall/402 in this environment
YellowPages.com,large commercial directory,Colfax,NM,Angel Fire,incorporated village / resort municipality,Angel Fire NM,https://www.yellowpages.com/angel-fire-nm/business-listings/1,1,yp_bulk_page_extracted_complete_from_accessible_page,78,84,lead discovery,"Commercial-directory-only rows must remain needs_verification until confirmed by official, business-owned, chamber, tourism, or current public source.",usable here for some city bulk pages; already extracted where accessible
YellowPagesDirectory.com,large commercial directory,Colfax,NM,Angel Fire,incorporated village / resort municipality,Angel Fire NM,https://www.yellowpagesdirectory.com/search?q=Angel+Fire+NM,2,queued,,,lead discovery,"Commercial-directory-only rows must remain needs_verification until confirmed by official, business-owned, chamber, tourism, or current public source.",search/manual verification required; web search did not surface stable city URLs here
Manta,large commercial directory,Colfax,NM,Angel Fire,incorporated village / resort municipality,Angel Fire NM,https://www.manta.com/search?search=Angel+Fire+NM,2,queued,,,lead discovery,"Commercial-directory-only rows must remain needs_verification until confirmed by official, business-owned, chamber, tourism, or current public source.",search/manual verification required; web search did not surface stable city URLs here
MerchantCircle,small business directory,Colfax,NM,Angel Fire,incorporated village / resort municipality,Angel Fire NM,https://www.merchantcircle.com/search?q=Angel+Fire+NM,2,queued,,,lead discovery,"Commercial-directory-only rows must remain needs_verification until confirmed by official, business-owned, chamber, tourism, or current public source.",search/manual verification required; may expose stale local business rows
Cylex,commercial directory,Colfax,NM,Angel Fire,incorporated village / resort municipality,Angel Fire NM,https://www.cylex.us.com/search/?q=Angel+Fire+NM,2,queued,,,lead discovery,"Commercial-directory-only rows must remain needs_verification until confirmed by official, business-owned, chamber, tourism, or current public source.",search/manual verification required; useful for older local records
ChamberofCommerce.com,commercial chamber-style directory,Colfax,NM,Angel Fire,incorporated village / resort municipality,Angel Fire NM,https://www.chamberofcommerce.com/search?what=&where=Angel+Fire+NM,2,queued,,,lead discovery,"Commercial-directory-only rows must remain needs_verification until confirmed by official, business-owned, chamber, tourism, or current public source.",direct city pages may return paywall/402 in this environment
YellowPages.com,large commercial directory,Colfax,NM,Cimarron,incorporated village,Cimarron NM,https://www.yellowpages.com/cimarron-nm,1,yp_bulk_page_extracted_partial_remaining_pages_or_rows,12,unknown from city page only,lead discovery,"Commercial-directory-only rows must remain needs_verification until confirmed by official, business-owned, chamber, tourism, or current public source.",usable here for some city bulk pages; already extracted where accessible
YellowPagesDirectory.com,large commercial directory,Colfax,NM,Cimarron,incorporated village,Cimarron NM,https://www.yellowpagesdirectory.com/search?q=Cimarron+NM,2,queued,,,lead discovery,"Commercial-directory-only rows must remain needs_verification until confirmed by official, business-owned, chamber, tourism, or current public source.",search/manual verification required; web search did not surface stable city URLs here
Manta,large commercial directory,Colfax,NM,Cimarron,incorporated village,Cimarron NM,https://www.manta.com/search?search=Cimarron+NM,2,queued,,,lead discovery,"Commercial-directory-only rows must remain needs_verification until confirmed by official, business-owned, chamber, tourism, or current public source.",search/manual verification required; web search did not surface stable city URLs here
MerchantCircle,small business directory,Colfax,NM,Cimarron,incorporated village,Cimarron NM,https://www.merchantcircle.com/search?q=Cimarron+NM,2,queued,,,lead discovery,"Commercial-directory-only rows must remain needs_verification until confirmed by official, business-owned, chamber, tourism, or current public source.",search/manual verification required; may expose stale local business rows
Cylex,commercial directory,Colfax,NM,Cimarron,incorporated village,Cimarron NM,https://www.cylex.us.com/search/?q=Cimarron+NM,2,queued,,,lead discovery,"Commercial-directory-only rows must remain needs_verification until confirmed by official, business-owned, chamber, tourism, or current public source.",search/manual verification required; useful for older local records
ChamberofCommerce.com,commercial chamber-style directory,Colfax,NM,Cimarron,incorporated village,Cimarron NM,https://www.chamberofcommerce.com/search?what=&where=Cimarron+NM,2,queued,,,lead discovery,"Commercial-directory-only rows must remain needs_verification until confirmed by official, business-owned, chamber, tourism, or current public source.",direct city pages may return paywall/402 in this environment
YellowPages.com,large commercial directory,Colfax,NM,Eagle Nest,incorporated village,Eagle Nest NM,https://www.yellowpages.com/eagle-nest-nm,1,yp_bulk_page_extracted_partial_remaining_pages_or_rows,3,unknown from city page only,lead discovery,"Commercial-directory-only rows must remain needs_verification until confirmed by official, business-owned, chamber, tourism, or current public source.",usable here for some city bulk pages; already extracted where accessible
YellowPagesDirectory.com,large commercial directory,Colfax,NM,Eagle Nest,incorporated village,Eagle Nest NM,https://www.yellowpagesdirectory.com/search?q=Eagle+Nest+NM,2,queued,,,lead discovery,"Commercial-directory-only rows must remain needs_verification until confirmed by official, business-owned, chamber, tourism, or current public source.",search/manual verification required; web search did not surface stable city URLs here
Manta,large commercial directory,Colfax,NM,Eagle Nest,incorporated village,Eagle Nest NM,https://www.manta.com/search?search=Eagle+Nest+NM,2,queued,,,lead discovery,"Commercial-directory-only rows must remain needs_verification until confirmed by official, business-owned, chamber, tourism, or current public source.",search/manual verification required; web search did not surface stable city URLs here
MerchantCircle,small business directory,Colfax,NM,Eagle Nest,incorporated village,Eagle Nest NM,https://www.merchantcircle.com/search?q=Eagle+Nest+NM,2,queued,,,lead discovery,"Commercial-directory-only rows must remain needs_verification until confirmed by official, business-owned, chamber, tourism, or current public source.",search/manual verification required; may expose stale local business rows
Cylex,commercial directory,Colfax,NM,Eagle Nest,incorporated village,Eagle Nest NM,https://www.cylex.us.com/search/?q=Eagle+Nest+NM,2,queued,,,lead discovery,"Commercial-directory-only rows must remain needs_verification until confirmed by official, business-owned, chamber, tourism, or current public source.",search/manual verification required; useful for older local records
ChamberofCommerce.com,commercial chamber-style directory,Colfax,NM,Eagle Nest,incorporated village,Eagle Nest NM,https://www.chamberofcommerce.com/search?what=&where=Eagle+Nest+NM,2,queued,,,lead discovery,"Commercial-directory-only rows must remain needs_verification until confirmed by official, business-owned, chamber, tourism, or current public source.",direct city pages may return paywall/402 in this environment
YellowPages.com,large commercial directory,Colfax,NM,Maxwell,incorporated village,Maxwell NM,https://www.yellowpages.com/maxwell-nm/business-listings/1,1,queued_for_yp_bulk_or_city_page_check,,,lead discovery,"Commercial-directory-only rows must remain needs_verification until confirmed by official, business-owned, chamber, tourism, or current public source.",usable here for some city bulk pages; already extracted where accessible
YellowPagesDirectory.com,large commercial directory,Colfax,NM,Maxwell,incorporated village,Maxwell NM,https://www.yellowpagesdirectory.com/search?q=Maxwell+NM,2,queued,,,lead discovery,"Commercial-directory-only rows must remain needs_verification until confirmed by official, business-owned, chamber, tourism, or current public source.",search/manual verification required; web search did not surface stable city URLs here
Manta,large commercial directory,Colfax,NM,Maxwell,incorporated village,Maxwell NM,https://www.manta.com/search?search=Maxwell+NM,2,queued,,,lead discovery,"Commercial-directory-only rows must remain needs_verification until confirmed by official, business-owned, chamber, tourism, or current public source.",search/manual verification required; web search did not surface stable city URLs here
MerchantCircle,small business directory,Colfax,NM,Maxwell,incorporated village,Maxwell NM,https://www.merchantcircle.com/search?q=Maxwell+NM,2,queued,,,lead discovery,"Commercial-directory-only rows must remain needs_verification until confirmed by official, business-owned, chamber, tourism, or current public source.",search/manual verification required; may expose stale local business rows
Cylex,commercial directory,Colfax,NM,Maxwell,incorporated village,Maxwell NM,https://www.cylex.us.com/search/?q=Maxwell+NM,2,queued,,,lead discovery,"Commercial-directory-only rows must remain needs_verification until confirmed by official, business-owned, chamber, tourism, or current public source.",search/manual verification required; useful for older local records
ChamberofCommerce.com,commercial chamber-style directory,Colfax,NM,Maxwell,incorporated village,Maxwell NM,https://www.chamberofcommerce.com/search?what=&where=Maxwell+NM,2,queued,,,lead discovery,"Commercial-directory-only rows must remain needs_verification until confirmed by official, business-owned, chamber, tourism, or current public source.",direct city pages may return paywall/402 in this environment
YellowPages.com,large commercial directory,Colfax,NM,Springer,incorporated town,Springer NM,https://www.yellowpages.com/springer-nm,1,yp_bulk_page_extracted_partial_remaining_pages_or_rows,16,unknown from city page only,lead discovery,"Commercial-directory-only rows must remain needs_verification until confirmed by official, business-owned, chamber, tourism, or current public source.",usable here for some city bulk pages; already extracted where accessible
YellowPagesDirectory.com,large commercial directory,Colfax,NM,Springer,incorporated town,Springer NM,https://www.yellowpagesdirectory.com/search?q=Springer+NM,2,queued,,,lead discovery,"Commercial-directory-only rows must remain needs_verification until confirmed by official, business-owned, chamber, tourism, or current public source.",search/manual verification required; web search did not surface stable city URLs here
Manta,large commercial directory,Colfax,NM,Springer,incorporated town,Springer NM,https://www.manta.com/search?search=Springer+NM,2,queued,,,lead discovery,"Commercial-directory-only rows must remain needs_verification until confirmed by official, business-owned, chamber, tourism, or current public source.",search/manual verification required; web search did not surface stable city URLs here
MerchantCircle,small business directory,Colfax,NM,Springer,incorporated town,Springer NM,https://www.merchantcircle.com/search?q=Springer+NM,2,queued,,,lead discovery,"Commercial-directory-only rows must remain needs_verification until confirmed by official, business-owned, chamber, tourism, or current public source.",search/manual verification required; may expose stale local business rows
Cylex,commercial directory,Colfax,NM,Springer,incorporated town,Springer NM,https://www.cylex.us.com/search/?q=Springer+NM,2,queued,,,lead discovery,"Commercial-directory-only rows must remain needs_verification until confirmed by official, business-owned, chamber, tourism, or current public source.",search/manual verification required; useful for older local records
ChamberofCommerce.com,commercial chamber-style directory,Colfax,NM,Springer,incorporated town,Springer NM,https://www.chamberofcommerce.com/search?what=&where=Springer+NM,2,queued,,,lead discovery,"Commercial-directory-only rows must remain needs_verification until confirmed by official, business-owned, chamber, tourism, or current public source.",direct city pages may return paywall/402 in this environment
YellowPages.com,large commercial directory,Colfax,NM,Ute Park,unincorporated community,Ute Park NM,https://www.yellowpages.com/ute-park-nm/business-listings/1,2,queued_for_yp_bulk_or_city_page_check,,,lead discovery,"Commercial-directory-only rows must remain needs_verification until confirmed by official, business-owned, chamber, tourism, or current public source.",usable here for some city bulk pages; already extracted where accessible
YellowPages.com,large commercial directory,Colfax,NM,Miami,unincorporated community,Miami NM,https://www.yellowpages.com/miami-nm/business-listings/1,2,queued_for_yp_bulk_or_city_page_check,,,lead discovery,"Commercial-directory-only rows must remain needs_verification until confirmed by official, business-owned, chamber, tourism, or current public source.",usable here for some city bulk pages; already extracted where accessible
YellowPages.com,large commercial directory,Colfax,NM,Folsom,unincorporated community,Folsom NM,https://www.yellowpages.com/folsom-nm/business-listings/1,2,queued_for_yp_bulk_or_city_page_check,,,lead discovery,"Commercial-directory-only rows must remain needs_verification until confirmed by official, business-owned, chamber, tourism, or current public source.",usable here for some city bulk pages; already extracted where accessible
YellowPages.com,large commercial directory,Las Animas,CO,Trinidad,incorporated city,Trinidad CO,https://www.yellowpages.com/trinidad-co/business-listings/1,1,yp_bulk_page_extracted_partial_remaining_pages_or_rows,196,624,lead discovery,"Commercial-directory-only rows must remain needs_verification until confirmed by official, business-owned, chamber, tourism, or current public source.",usable here for some city bulk pages; already extracted where accessible
YellowPagesDirectory.com,large commercial directory,Las Animas,CO,Trinidad,incorporated city,Trinidad CO,https://www.yellowpagesdirectory.com/search?q=Trinidad+CO,2,queued,,,lead discovery,"Commercial-directory-only rows must remain needs_verification until confirmed by official, business-owned, chamber, tourism, or current public source.",search/manual verification required; web search did not surface stable city URLs here
Manta,large commercial directory,Las Animas,CO,Trinidad,incorporated city,Trinidad CO,https://www.manta.com/search?search=Trinidad+CO,2,queued,,,lead discovery,"Commercial-directory-only rows must remain needs_verification until confirmed by official, business-owned, chamber, tourism, or current public source.",search/manual verification required; web search did not surface stable city URLs here
MerchantCircle,small business directory,Las Animas,CO,Trinidad,incorporated city,Trinidad CO,https://www.merchantcircle.com/search?q=Trinidad+CO,2,queued,,,lead discovery,"Commercial-directory-only rows must remain needs_verification until confirmed by official, business-owned, chamber, tourism, or current public source.",search/manual verification required; may expose stale local business rows
Cylex,commercial directory,Las Animas,CO,Trinidad,incorporated city,Trinidad CO,https://www.cylex.us.com/search/?q=Trinidad+CO,2,queued,,,lead discovery,"Commercial-directory-only rows must remain needs_verification until confirmed by official, business-owned, chamber, tourism, or current public source.",search/manual verification required; useful for older local records
ChamberofCommerce.com,commercial chamber-style directory,Las Animas,CO,Trinidad,incorporated city,Trinidad CO,https://www.chamberofcommerce.com/search?what=&where=Trinidad+CO,2,queued,,,lead discovery,"Commercial-directory-only rows must remain needs_verification until confirmed by official, business-owned, chamber, tourism, or current public source.",direct city pages may return paywall/402 in this environment
YellowPages.com,large commercial directory,Las Animas,CO,Aguilar,incorporated town,Aguilar CO,https://www.yellowpages.com/aguilar-co,1,yp_bulk_page_extracted_partial_remaining_pages_or_rows,9,unknown from city page only,lead discovery,"Commercial-directory-only rows must remain needs_verification until confirmed by official, business-owned, chamber, tourism, or current public source.",usable here for some city bulk pages; already extracted where accessible
YellowPagesDirectory.com,large commercial directory,Las Animas,CO,Aguilar,incorporated town,Aguilar CO,https://www.yellowpagesdirectory.com/search?q=Aguilar+CO,2,queued,,,lead discovery,"Commercial-directory-only rows must remain needs_verification until confirmed by official, business-owned, chamber, tourism, or current public source.",search/manual verification required; web search did not surface stable city URLs here
Manta,large commercial directory,Las Animas,CO,Aguilar,incorporated town,Aguilar CO,https://www.manta.com/search?search=Aguilar+CO,2,queued,,,lead discovery,"Commercial-directory-only rows must remain needs_verification until confirmed by official, business-owned, chamber, tourism, or current public source.",search/manual verification required; web search did not surface stable city URLs here
MerchantCircle,small business directory,Las Animas,CO,Aguilar,incorporated town,Aguilar CO,https://www.merchantcircle.com/search?q=Aguilar+CO,2,queued,,,lead discovery,"Commercial-directory-only rows must remain needs_verification until confirmed by official, business-owned, chamber, tourism, or current public source.",search/manual verification required; may expose stale local business rows
Cylex,commercial directory,Las Animas,CO,Aguilar,incorporated town,Aguilar CO,https://www.cylex.us.com/search/?q=Aguilar+CO,2,queued,,,lead discovery,"Commercial-directory-only rows must remain needs_verification until confirmed by official, business-owned, chamber, tourism, or current public source.",search/manual verification required; useful for older local records
ChamberofCommerce.com,commercial chamber-style directory,Las Animas,CO,Aguilar,incorporated town,Aguilar CO,https://www.chamberofcommerce.com/search?what=&where=Aguilar+CO,2,queued,,,lead discovery,"Commercial-directory-only rows must remain needs_verification until confirmed by official, business-owned, chamber, tourism, or current public source.",direct city pages may return paywall/402 in this environment
YellowPages.com,large commercial directory,Las Animas,CO,Branson,incorporated town,Branson CO,https://www.yellowpages.com/branson-co/business-listings/1,1,queued_for_yp_bulk_or_city_page_check,,,lead discovery,"Commercial-directory-only rows must remain needs_verification until confirmed by official, business-owned, chamber, tourism, or current public source.",usable here for some city bulk pages; already extracted where accessible
YellowPagesDirectory.com,large commercial directory,Las Animas,CO,Branson,incorporated town,Branson CO,https://www.yellowpagesdirectory.com/search?q=Branson+CO,2,queued,,,lead discovery,"Commercial-directory-only rows must remain needs_verification until confirmed by official, business-owned, chamber, tourism, or current public source.",search/manual verification required; web search did not surface stable city URLs here
Manta,large commercial directory,Las Animas,CO,Branson,incorporated town,Branson CO,https://www.manta.com/search?search=Branson+CO,2,queued,,,lead discovery,"Commercial-directory-only rows must remain needs_verification until confirmed by official, business-owned, chamber, tourism, or current public source.",search/manual verification required; web search did not surface stable city URLs here
MerchantCircle,small business directory,Las Animas,CO,Branson,incorporated town,Branson CO,https://www.merchantcircle.com/search?q=Branson+CO,2,queued,,,lead discovery,"Commercial-directory-only rows must remain needs_verification until confirmed by official, business-owned, chamber, tourism, or current public source.",search/manual verification required; may expose stale local business rows
Cylex,commercial directory,Las Animas,CO,Branson,incorporated town,Branson CO,https://www.cylex.us.com/search/?q=Branson+CO,2,queued,,,lead discovery,"Commercial-directory-only rows must remain needs_verification until confirmed by official, business-owned, chamber, tourism, or current public source.",search/manual verification required; useful for older local records
ChamberofCommerce.com,commercial chamber-style directory,Las Animas,CO,Branson,incorporated town,Branson CO,https://www.chamberofcommerce.com/search?what=&where=Branson+CO,2,queued,,,lead discovery,"Commercial-directory-only rows must remain needs_verification until confirmed by official, business-owned, chamber, tourism, or current public source.",direct city pages may return paywall/402 in this environment
YellowPages.com,large commercial directory,Las Animas,CO,Cokedale,incorporated town,Cokedale CO,https://www.yellowpages.com/cokedale-co/business-listings/1,1,queued_for_yp_bulk_or_city_page_check,,,lead discovery,"Commercial-directory-only rows must remain needs_verification until confirmed by official, business-owned, chamber, tourism, or current public source.",usable here for some city bulk pages; already extracted where accessible
YellowPagesDirectory.com,large commercial directory,Las Animas,CO,Cokedale,incorporated town,Cokedale CO,https://www.yellowpagesdirectory.com/search?q=Cokedale+CO,2,queued,,,lead discovery,"Commercial-directory-only rows must remain needs_verification until confirmed by official, business-owned, chamber, tourism, or current public source.",search/manual verification required; web search did not surface stable city URLs here
Manta,large commercial directory,Las Animas,CO,Cokedale,incorporated town,Cokedale CO,https://www.manta.com/search?search=Cokedale+CO,2,queued,,,lead discovery,"Commercial-directory-only rows must remain needs_verification until confirmed by official, business-owned, chamber, tourism, or current public source.",search/manual verification required; web search did not surface stable city URLs here
MerchantCircle,small business directory,Las Animas,CO,Cokedale,incorporated town,Cokedale CO,https://www.merchantcircle.com/search?q=Cokedale+CO,2,queued,,,lead discovery,"Commercial-directory-only rows must remain needs_verification until confirmed by official, business-owned, chamber, tourism, or current public source.",search/manual verification required; may expose stale local business rows
Cylex,commercial directory,Las Animas,CO,Cokedale,incorporated town,Cokedale CO,https://www.cylex.us.com/search/?q=Cokedale+CO,2,queued,,,lead discovery,"Commercial-directory-only rows must remain needs_verification until confirmed by official, business-owned, chamber, tourism, or current public source.",search/manual verification required; useful for older local records
ChamberofCommerce.com,commercial chamber-style directory,Las Animas,CO,Cokedale,incorporated town,Cokedale CO,https://www.chamberofcommerce.com/search?what=&where=Cokedale+CO,2,queued,,,lead discovery,"Commercial-directory-only rows must remain needs_verification until confirmed by official, business-owned, chamber, tourism, or current public source.",direct city pages may return paywall/402 in this environment
YellowPages.com,large commercial directory,Las Animas,CO,Kim,incorporated town,Kim CO,https://www.yellowpages.com/kim-co/business-listings/1,1,queued_for_yp_bulk_or_city_page_check,,,lead discovery,"Commercial-directory-only rows must remain needs_verification until confirmed by official, business-owned, chamber, tourism, or current public source.",usable here for some city bulk pages; already extracted where accessible
YellowPagesDirectory.com,large commercial directory,Las Animas,CO,Kim,incorporated town,Kim CO,https://www.yellowpagesdirectory.com/search?q=Kim+CO,2,queued,,,lead discovery,"Commercial-directory-only rows must remain needs_verification until confirmed by official, business-owned, chamber, tourism, or current public source.",search/manual verification required; web search did not surface stable city URLs here
Manta,large commercial directory,Las Animas,CO,Kim,incorporated town,Kim CO,https://www.manta.com/search?search=Kim+CO,2,queued,,,lead discovery,"Commercial-directory-only rows must remain needs_verification until confirmed by official, business-owned, chamber, tourism, or current public source.",search/manual verification required; web search did not surface stable city URLs here
MerchantCircle,small business directory,Las Animas,CO,Kim,incorporated town,Kim CO,https://www.merchantcircle.com/search?q=Kim+CO,2,queued,,,lead discovery,"Commercial-directory-only rows must remain needs_verification until confirmed by official, business-owned, chamber, tourism, or current public source.",search/manual verification required; may expose stale local business rows
Cylex,commercial directory,Las Animas,CO,Kim,incorporated town,Kim CO,https://www.cylex.us.com/search/?q=Kim+CO,2,queued,,,lead discovery,"Commercial-directory-only rows must remain needs_verification until confirmed by official, business-owned, chamber, tourism, or current public source.",search/manual verification required; useful for older local records
ChamberofCommerce.com,commercial chamber-style directory,Las Animas,CO,Kim,incorporated town,Kim CO,https://www.chamberofcommerce.com/search?what=&where=Kim+CO,2,queued,,,lead discovery,"Commercial-directory-only rows must remain needs_verification until confirmed by official, business-owned, chamber, tourism, or current public source.",direct city pages may return paywall/402 in this environment
YellowPages.com,large commercial directory,Las Animas,CO,Starkville,incorporated town,Starkville CO,https://www.yellowpages.com/starkville-co/business-listings/1,1,queued_for_yp_bulk_or_city_page_check,,,lead discovery,"Commercial-directory-only rows must remain needs_verification until confirmed by official, business-owned, chamber, tourism, or current public source.",usable here for some city bulk pages; already extracted where accessible
YellowPagesDirectory.com,large commercial directory,Las Animas,CO,Starkville,incorporated town,Starkville CO,https://www.yellowpagesdirectory.com/search?q=Starkville+CO,2,queued,,,lead discovery,"Commercial-directory-only rows must remain needs_verification until confirmed by official, business-owned, chamber, tourism, or current public source.",search/manual verification required; web search did not surface stable city URLs here
Manta,large commercial directory,Las Animas,CO,Starkville,incorporated town,Starkville CO,https://www.manta.com/search?search=Starkville+CO,2,queued,,,lead discovery,"Commercial-directory-only rows must remain needs_verification until confirmed by official, business-owned, chamber, tourism, or current public source.",search/manual verification required; web search did not surface stable city URLs here
MerchantCircle,small business directory,Las Animas,CO,Starkville,incorporated town,Starkville CO,https://www.merchantcircle.com/search?q=Starkville+CO,2,queued,,,lead discovery,"Commercial-directory-only rows must remain needs_verification until confirmed by official, business-owned, chamber, tourism, or current public source.",search/manual verification required; may expose stale local business rows
Cylex,commercial directory,Las Animas,CO,Starkville,incorporated town,Starkville CO,https://www.cylex.us.com/search/?q=Starkville+CO,2,queued,,,lead discovery,"Commercial-directory-only rows must remain needs_verification until confirmed by official, business-owned, chamber, tourism, or current public source.",search/manual verification required; useful for older local records
ChamberofCommerce.com,commercial chamber-style directory,Las Animas,CO,Starkville,incorporated town,Starkville CO,https://www.chamberofcommerce.com/search?what=&where=Starkville+CO,2,queued,,,lead discovery,"Commercial-directory-only rows must remain needs_verification until confirmed by official, business-owned, chamber, tourism, or current public source.",direct city pages may return paywall/402 in this environment
YellowPages.com,large commercial directory,Las Animas,CO,Hoehne,unincorporated community,Hoehne CO,https://www.yellowpages.com/hoehne-co/business-listings/1,2,queued_for_yp_bulk_or_city_page_check,,,lead discovery,"Commercial-directory-only rows must remain needs_verification until confirmed by official, business-owned, chamber, tourism, or current public source.",usable here for some city bulk pages; already extracted where accessible
YellowPages.com,large commercial directory,Las Animas,CO,Jansen,unincorporated community,Jansen CO,https://www.yellowpages.com/jansen-co/business-listings/1,2,queued_for_yp_bulk_or_city_page_check,,,lead discovery,"Commercial-directory-only rows must remain needs_verification until confirmed by official, business-owned, chamber, tourism, or current public source.",usable here for some city bulk pages; already extracted where accessible
YellowPages.com,large commercial directory,Las Animas,CO,Segundo,unincorporated community,Segundo CO,https://www.yellowpages.com/segundo-co/business-listings/1,2,queued_for_yp_bulk_or_city_page_check,,,lead discovery,"Commercial-directory-only rows must remain needs_verification until confirmed by official, business-owned, chamber, tourism, or current public source.",usable here for some city bulk pages; already extracted where accessible
YellowPages.com,large commercial directory,Las Animas,CO,Valdez,unincorporated community,Valdez CO,https://www.yellowpages.com/valdez-co/business-listings/1,2,queued_for_yp_bulk_or_city_page_check,,,lead discovery,"Commercial-directory-only rows must remain needs_verification until confirmed by official, business-owned, chamber, tourism, or current public source.",usable here for some city bulk pages; already extracted where accessible
YellowPages.com,large commercial directory,Las Animas,CO,Weston,unincorporated community,Weston CO,https://www.yellowpages.com/weston-co/business-listings/1,2,queued_for_yp_bulk_or_city_page_check,,,lead discovery,"Commercial-directory-only rows must remain needs_verification until confirmed by official, business-owned, chamber, tourism, or current public source.",usable here for some city bulk pages; already extracted where accessible
YellowPages.com,large commercial directory,Las Animas,CO,Stonewall,unincorporated community,Stonewall CO,https://www.yellowpages.com/stonewall-co/business-listings/1,2,queued_for_yp_bulk_or_city_page_check,,,lead discovery,"Commercial-directory-only rows must remain needs_verification until confirmed by official, business-owned, chamber, tourism, or current public source.",usable here for some city bulk pages; already extracted where accessible
YellowPages.com,large commercial directory,Las Animas,CO,Bon Carbo,unincorporated community,Bon Carbo CO,https://www.yellowpages.com/bon-carbo-co/business-listings/1,2,queued_for_yp_bulk_or_city_page_check,,,lead discovery,"Commercial-directory-only rows must remain needs_verification until confirmed by official, business-owned, chamber, tourism, or current public source.",usable here for some city bulk pages; already extracted where accessible
YellowPages.com,large commercial directory,Huerfano,CO,Walsenburg,incorporated city,Walsenburg CO,https://www.yellowpages.com/walsenburg-co/business-listings/1,1,yp_bulk_page_extracted_complete_from_accessible_page,137,141,lead discovery,"Commercial-directory-only rows must remain needs_verification until confirmed by official, business-owned, chamber, tourism, or current public source.",usable here for some city bulk pages; already extracted where accessible
YellowPagesDirectory.com,large commercial directory,Huerfano,CO,Walsenburg,incorporated city,Walsenburg CO,https://www.yellowpagesdirectory.com/search?q=Walsenburg+CO,2,queued,,,lead discovery,"Commercial-directory-only rows must remain needs_verification until confirmed by official, business-owned, chamber, tourism, or current public source.",search/manual verification required; web search did not surface stable city URLs here
Manta,large commercial directory,Huerfano,CO,Walsenburg,incorporated city,Walsenburg CO,https://www.manta.com/search?search=Walsenburg+CO,2,queued,,,lead discovery,"Commercial-directory-only rows must remain needs_verification until confirmed by official, business-owned, chamber, tourism, or current public source.",search/manual verification required; web search did not surface stable city URLs here
MerchantCircle,small business directory,Huerfano,CO,Walsenburg,incorporated city,Walsenburg CO,https://www.merchantcircle.com/search?q=Walsenburg+CO,2,queued,,,lead discovery,"Commercial-directory-only rows must remain needs_verification until confirmed by official, business-owned, chamber, tourism, or current public source.",search/manual verification required; may expose stale local business rows
Cylex,commercial directory,Huerfano,CO,Walsenburg,incorporated city,Walsenburg CO,https://www.cylex.us.com/search/?q=Walsenburg+CO,2,queued,,,lead discovery,"Commercial-directory-only rows must remain needs_verification until confirmed by official, business-owned, chamber, tourism, or current public source.",search/manual verification required; useful for older local records
ChamberofCommerce.com,commercial chamber-style directory,Huerfano,CO,Walsenburg,incorporated city,Walsenburg CO,https://www.chamberofcommerce.com/search?what=&where=Walsenburg+CO,2,queued,,,lead discovery,"Commercial-directory-only rows must remain needs_verification until confirmed by official, business-owned, chamber, tourism, or current public source.",direct city pages may return paywall/402 in this environment
YellowPages.com,large commercial directory,Huerfano,CO,La Veta,incorporated town,La Veta CO,https://www.yellowpages.com/la-veta-co,1,yp_bulk_page_extracted_partial_remaining_pages_or_rows,16,unknown from city page only,lead discovery,"Commercial-directory-only rows must remain needs_verification until confirmed by official, business-owned, chamber, tourism, or current public source.",usable here for some city bulk pages; already extracted where accessible
YellowPagesDirectory.com,large commercial directory,Huerfano,CO,La Veta,incorporated town,La Veta CO,https://www.yellowpagesdirectory.com/search?q=La+Veta+CO,2,queued,,,lead discovery,"Commercial-directory-only rows must remain needs_verification until confirmed by official, business-owned, chamber, tourism, or current public source.",search/manual verification required; web search did not surface stable city URLs here
Manta,large commercial directory,Huerfano,CO,La Veta,incorporated town,La Veta CO,https://www.manta.com/search?search=La+Veta+CO,2,queued,,,lead discovery,"Commercial-directory-only rows must remain needs_verification until confirmed by official, business-owned, chamber, tourism, or current public source.",search/manual verification required; web search did not surface stable city URLs here
MerchantCircle,small business directory,Huerfano,CO,La Veta,incorporated town,La Veta CO,https://www.merchantcircle.com/search?q=La+Veta+CO,2,queued,,,lead discovery,"Commercial-directory-only rows must remain needs_verification until confirmed by official, business-owned, chamber, tourism, or current public source.",search/manual verification required; may expose stale local business rows
Cylex,commercial directory,Huerfano,CO,La Veta,incorporated town,La Veta CO,https://www.cylex.us.com/search/?q=La+Veta+CO,2,queued,,,lead discovery,"Commercial-directory-only rows must remain needs_verification until confirmed by official, business-owned, chamber, tourism, or current public source.",search/manual verification required; useful for older local records
ChamberofCommerce.com,commercial chamber-style directory,Huerfano,CO,La Veta,incorporated town,La Veta CO,https://www.chamberofcommerce.com/search?what=&where=La+Veta+CO,2,queued,,,lead discovery,"Commercial-directory-only rows must remain needs_verification until confirmed by official, business-owned, chamber, tourism, or current public source.",direct city pages may return paywall/402 in this environment
YellowPages.com,large commercial directory,Huerfano,CO,Gardner,unincorporated community,Gardner CO,https://www.yellowpages.com/gardner-co/business-listings/1,2,queued_for_yp_bulk_or_city_page_check,,,lead discovery,"Commercial-directory-only rows must remain needs_verification until confirmed by official, business-owned, chamber, tourism, or current public source.",usable here for some city bulk pages; already extracted where accessible
YellowPages.com,large commercial directory,Huerfano,CO,Cuchara,unincorporated community / resort area,Cuchara CO,https://www.yellowpages.com/cuchara-co/business-listings/1,2,queued_for_yp_bulk_or_city_page_check,,,lead discovery,"Commercial-directory-only rows must remain needs_verification until confirmed by official, business-owned, chamber, tourism, or current public source.",usable here for some city bulk pages; already extracted where accessible
